day_id,city_id,temperature_celsius,wind_kph,wind_degree,pressure_mb,precip_mm,humidity,cloud,feels_like_celsius,visibility_km,uv_index,gust_kph,air_quality_us-epa-index,condition_text
D0003,0,20.0,3.6,10,1011.0,4.5,100,75,20.0,10.0,1.0,12.6,1,3
D0004,0,17.0,6.1,150,1018.0,0.0,88,0,17.0,10.0,1.0,11.2,1,0
D0007,0,21.0,4.0,310,1015.0,0.0,100,50,21.0,10.0,1.0,15.1,2,6
D0019,0,19.0,3.6,64,1017.0,0.0,88,0,19.0,10.0,1.0,8.3,3,0
D0028,1,19.0,3.6,83,1010.0,0.0,73,25,19.0,10.0,1.0,8.3,1,6
D0035,1,25.0,6.1,70,1015.0,0.0,83,25,27.0,10.0,1.0,17.3,1,6
D0042,1,25.0,3.6,141,1016.0,0.0,83,50,26.3,8.0,1.0,14.4,1,3
D0079,3,29.0,15.1,90,1015.0,0.3,79,75,34.0,10.0,1.0,37.4,1,2
D0081,3,29.0,15.1,100,1015.0,0.1,79,50,34.1,10.0,1.0,33.5,1,1
D0087,3,27.0,6.1,100,1015.0,0.1,79,62,29.9,10.0,1.0,31.7,1,1
D0099,3,29.0,9.0,70,1012.0,0.24,70,25,33.3,10.0,6.0,22.2,1,6
D0103,3,29.0,9.0,100,1012.0,0.02,75,50,33.4,10.0,6.0,30.4,1,1
D0106,4,11.0,15.1,80,1019.0,0.0,82,0,9.9,10.0,1.0,18.0,1,0
D0111,4,11.0,15.1,170,1013.0,0.2,94,100,9.2,10.0,1.0,21.6,1,1
D0114,4,12.0,24.1,120,1020.0,0.0,77,0,9.9,10.0,1.0,32.0,1,0
D0125,4,16.0,28.1,160,1011.0,0.04,51,0,16.0,10.0,1.0,33.3,1,0
D0127,4,15.0,28.1,120,1019.0,0.0,77,75,13.8,10.0,1.0,25.9,1,6
D0128,4,16.0,20.2,120,1014.0,0.08,94,100,16.0,2.5,1.0,25.6,1,2
D0134,5,24.0,9.0,40,1015.0,0.0,36,0,25.2,10.0,1.0,22.7,1,0
D0141,5,25.0,19.1,360,1012.0,0.0,39,0,26.1,10.0,1.0,18.4,1,0
D0146,5,14.0,3.6,10,1017.0,0.0,94,75,14.3,6.0,1.0,5.8,1,2
D0148,5,18.0,3.6,10,1018.0,0.0,39,0,18.0,10.0,1.0,24.8,1,0
D0174,6,9.0,9.0,360,1026.0,0.0,93,0,8.4,10.0,4.0,7.9,1,0
D0186,7,16.0,6.8,250,1017.0,0.1,77,0,16.0,10.0,1.0,13.0,1,0
D0205,7,17.0,11.2,220,1017.0,0.0,72,0,17.0,10.0,1.0,7.0,1,0
D0210,8,33.0,9.0,90,1001.0,0.0,67,0,39.8,10.0,1.0,12.2,2,0
D0213,8,34.0,9.0,270,1003.0,0.0,47,0,41.5,10.0,1.0,28.4,3,0
D0218,8,34.0,9.0,200,1001.0,0.0,80,0,46.4,4.5,1.0,14.8,3,4
D0232,8,32.0,11.2,320,1004.0,0.0,63,0,37.0,10.0,1.0,21.2,2,0
D0235,9,34.0,5.4,259,1000.0,0.0,52,70,39.6,10.0,7.0,7.6,4,1
D0238,9,28.2,11.2,193,1004.0,0.1,82,80,33.1,10.0,1.0,17.6,4,2
D0241,9,29.7,7.6,236,1003.0,0.2,74,53,35.2,10.0,1.0,13.0,3,7
D0242,9,27.4,4.3,168,1002.0,0.0,82,48,31.4,10.0,1.0,6.8,2,6
D0243,9,28.2,6.8,169,1003.0,0.1,83,59,33.2,10.0,1.0,10.8,2,2
D0244,9,26.8,15.8,113,1004.0,0.0,86,100,30.6,10.0,1.0,22.0,1,1
D0245,9,26.0,17.6,152,1003.0,0.5,93,100,29.9,10.0,1.0,25.6,1,7
D0246,9,25.6,9.4,129,1005.0,0.0,93,48,29.1,10.0,1.0,15.5,2,6
D0249,9,27.2,10.1,156,1002.0,0.0,86,86,31.4,10.0,1.0,15.5,1,1
D0253,9,26.5,9.0,152,1006.0,0.0,89,26,30.5,9.0,1.0,14.0,1,3
D0255,9,26.8,13.0,127,1003.0,0.04,86,80,30.5,10.0,1.0,20.2,3,2
D0256,9,24.8,16.9,124,1004.0,4.7,93,78,27.7,7.0,1.0,24.8,1,5
D0258,9,25.4,11.9,130,1006.0,1.55,95,51,28.9,9.0,1.0,20.3,1,2
D0260,9,26.0,12.6,141,1006.0,0.23,92,78,29.7,9.0,1.0,21.4,1,2
D0261,10,22.0,11.2,90,1012.0,0.0,61,0,24.4,10.0,6.0,21.2,1,0
D0268,10,10.0,4.0,320,1027.0,0.0,100,0,10.3,10.0,1.0,7.6,1,4
D0269,10,14.0,6.8,230,1022.0,0.0,88,0,13.1,10.0,1.0,26.3,1,0
D0278,10,14.0,22.0,350,1016.0,0.0,100,100,12.5,7.0,1.0,27.0,1,1
D0279,10,6.0,3.6,65,1027.0,0.0,100,0,3.9,9.0,1.0,20.5,1,4
D0282,10,17.0,11.2,150,1017.0,0.0,83,0,17.0,10.0,1.0,25.7,1,0
D0297,11,20.0,6.8,170,1017.0,0.0,83,0,20.0,10.0,1.0,18.7,1,0
D0302,11,18.0,13.0,280,1014.0,0.0,94,50,18.0,8.0,1.0,16.6,2,2
D0305,11,16.0,6.1,120,1014.0,0.0,82,0,16.0,10.0,1.0,15.8,2,0
D0317,12,13.0,3.6,146,1022.0,0.0,100,0,13.5,10.0,1.0,8.3,2,0
D0334,12,19.0,3.6,177,1017.0,0.13,88,0,19.0,10.0,1.0,15.1,1,0
D0345,13,18.0,3.6,350,1019.0,0.0,77,100,18.0,10.0,1.0,6.5,1,8
D0346,13,15.0,3.6,54,1018.0,2.5,94,100,15.0,10.0,1.0,11.9,1,2
D0367,14,24.1,17.6,210,1013.0,1.1,86,79,26.2,9.0,1.0,26.6,3,2
D0372,14,25.8,9.7,216,1013.0,0.1,78,85,28.1,10.0,1.0,17.3,2,2
D0375,14,27.2,14.0,193,1012.0,0.1,71,84,29.5,10.0,1.0,27.4,4,2
D0376,14,27.5,3.6,22,1011.0,0.0,68,44,29.8,10.0,1.0,4.3,3,6
D0377,14,25.8,10.8,192,1014.0,0.2,77,89,28.1,10.0,1.0,19.4,2,2
D0386,14,27.0,6.8,210,1013.0,0.0,89,25,29.5,10.0,1.0,21.2,2,6
D0399,15,23.6,6.1,67,1013.0,0.1,70,85,25.4,10.0,1.0,7.6,2,2
D0409,15,22.7,3.6,71,1011.0,0.0,62,7,24.8,10.0,1.0,3.6,3,0
D0413,15,17.3,4.3,16,1015.0,0.07,86,85,17.3,10.0,1.0,8.6,2,2
D0425,18,27.0,19.1,10,1012.0,0.0,74,50,29.7,10.0,1.0,35.6,1,6
D0427,18,27.0,15.1,170,1012.0,0.1,84,25,31.3,10.0,1.0,36.4,1,6
D0467,16,26.0,3.6,166,1007.0,0.04,100,75,29.5,9.0,1.0,11.1,4,6
D0474,17,22.0,16.9,200,1012.0,0.0,73,50,24.6,24.0,6.0,37.1,1,6
D0484,17,19.0,11.2,90,1013.0,0.0,88,100,19.0,24.0,5.0,14.0,1,2
D0500,19,25.0,6.1,310,1011.0,1.4,94,75,28.3,10.0,1.0,9.7,2,8
D0501,19,24.0,6.1,310,1014.0,1.4,94,25,26.8,8.0,1.0,6.1,1,3
D0505,19,22.0,3.6,256,1011.0,1.1,97,83,24.6,9.0,1.0,6.5,1,2
D0509,19,24.0,6.8,330,1012.0,0.0,94,25,26.9,8.0,1.0,6.8,1,6
D0516,19,25.0,3.6,10,1013.0,0.0,89,25,28.3,8.0,1.0,3.8,1,6
D0518,19,24.0,3.6,10,1013.0,0.0,94,25,26.6,8.0,1.0,8.3,1,3
D0525,20,13.0,9.0,170,1016.0,0.0,62,100,13.6,10.0,1.0,2.9,4,1
D0527,20,14.0,16.9,220,1020.0,0.2,72,75,14.4,10.0,1.0,6.5,5,6
D0529,20,12.0,6.1,320,1016.0,0.0,88,75,12.5,5.0,1.0,4.0,6,4
D0530,20,9.0,22.0,190,1019.0,0.0,87,100,8.7,6.0,1.0,5.4,3,5
D0534,20,13.0,3.6,230,1014.0,0.0,77,100,13.3,10.0,3.0,5.0,6,1
D0549,21,21.0,6.8,10,1010.0,0.2,94,0,21.0,10.0,4.0,9.4,4,0
D0554,21,25.0,3.6,89,1015.0,0.0,94,0,27.2,2.8,6.0,6.5,6,4
D0556,21,23.0,3.6,147,1015.0,0.0,100,0,25.1,2.8,6.0,2.9,6,4
D0557,21,24.0,4.0,80,1013.0,0.0,100,0,25.9,2.8,5.0,5.8,6,4
D0560,21,21.0,4.0,40,1008.0,0.0,100,75,21.0,2.5,5.0,2.5,5,4
D0572,21,15.0,4.0,20,1023.0,0.0,94,0,15.8,10.0,1.0,1.7,6,0
D0574,22,23.3,24.1,142,1019.0,0.2,82,76,25.3,10.0,1.0,28.1,1,2
D0581,22,23.0,6.1,100,1013.0,0.0,83,25,25.1,10.0,1.0,10.1,1,6
D0594,22,23.7,5.0,9,1015.0,0.0,77,19,25.6,10.0,1.0,6.6,1,0
D0596,22,24.4,6.5,67,1016.0,0.0,72,11,26.1,10.0,1.0,8.7,1,0
D0598,22,24.1,7.6,18,1016.0,0.0,80,12,26.0,10.0,1.0,9.7,1,0
D0613,23,16.0,3.6,250,1014.0,0.0,94,0,16.0,10.0,1.0,7.6,2,4
D0625,24,13.0,9.0,320,1007.0,0.1,94,100,12.5,10.0,3.0,9.7,1,1
D0626,24,13.0,11.2,280,1007.0,0.1,94,100,13.0,10.0,1.0,9.0,1,1
D0638,24,18.0,6.1,190,1018.0,0.0,73,0,18.0,10.0,1.0,4.7,3,0
D0639,24,21.0,6.8,150,1013.0,0.0,69,0,21.0,10.0,1.0,9.4,2,0
D0647,24,14.0,16.9,190,1015.0,0.0,77,0,13.4,10.0,1.0,21.9,1,0
D0648,24,16.0,9.0,150,1011.0,0.0,72,0,16.0,10.0,1.0,12.9,1,0
D0655,25,32.4,5.8,220,1005.0,0.0,57,8,37.4,10.0,1.0,11.5,2,0
D0663,25,30.1,10.4,55,1005.0,0.0,71,3,35.3,10.0,1.0,16.2,1,0
D0667,25,37.0,24.1,100,1001.0,0.0,45,25,50.0,8.0,8.0,21.2,3,4
D0671,25,33.0,13.0,210,1003.0,0.0,56,0,39.2,8.0,1.0,27.0,3,4
D0673,25,37.0,15.1,190,1004.0,0.0,42,50,50.8,7.0,1.0,37.4,3,4
D0677,26,28.2,19.8,86,1015.0,0.6,79,62,32.6,10.0,1.0,25.9,1,7
D0678,26,28.3,19.8,81,1016.0,1.0,79,80,32.8,10.0,1.0,25.9,1,7
D0681,26,27.0,4.0,240,1014.0,0.2,89,25,30.1,10.0,1.0,24.5,1,6
D0694,26,29.0,3.6,10,1012.0,0.1,84,25,33.4,10.0,6.0,19.4,1,6
D0726,27,28.1,6.8,80,1011.0,0.0,91,75,34.6,8.0,6.0,15.3,1,1
D0735,28,28.0,16.9,190,1012.0,0.3,79,50,34.3,10.0,5.0,15.1,1,8
D0736,28,27.0,13.0,180,1013.0,0.9,79,50,31.7,10.0,6.0,9.0,2,6
D0746,28,26.0,13.0,230,1012.0,0.3,84,75,27.5,10.0,6.0,2.2,1,3
D0747,28,27.0,19.1,190,1013.0,0.7,84,25,29.7,10.0,6.0,8.3,1,6
D0748,28,29.0,13.0,190,1012.0,0.2,75,25,32.7,10.0,6.0,1.1,1,6
D0750,28,29.0,16.9,170,1013.0,0.08,70,25,32.0,10.0,6.0,5.8,1,6
D0761,29,24.3,9.0,238,1014.0,1.4,87,61,26.6,10.0,1.0,12.6,1,7
D0762,29,24.0,11.2,257,1014.0,0.0,85,32,26.1,10.0,1.0,14.8,1,6
D0770,29,24.7,11.5,254,1014.0,0.0,89,68,27.2,10.0,1.0,14.0,1,1
D0779,29,25.0,6.8,340,1013.0,6.1,100,75,27.9,8.0,1.0,2.6,1,3
D0784,30,14.0,6.8,160,1005.0,0.0,100,60,13.9,0.2,1.0,11.2,1,4
D0789,30,14.0,13.0,320,1017.0,0.0,72,25,12.4,10.0,1.0,30.2,1,6
D0792,30,12.0,4.0,100,1021.0,0.0,100,60,11.4,0.6,1.0,15.5,1,4
D0795,30,16.0,6.8,170,1013.0,0.0,94,25,16.0,10.0,1.0,24.1,2,6
D0806,30,19.0,15.1,150,1006.0,0.0,78,0,19.0,10.0,1.0,45.3,1,0
D0808,31,14.0,15.1,250,1026.0,0.0,100,75,14.7,7.0,1.0,4.7,1,4
D0809,31,13.0,9.0,270,1027.0,0.1,100,75,13.6,10.0,1.0,5.0,5,5
D0814,31,15.0,11.2,210,1025.0,0.2,88,50,15.8,10.0,1.0,2.5,3,6
D0815,31,15.0,3.6,335,1025.0,0.1,88,75,15.5,10.0,1.0,9.4,2,6
D0825,31,14.0,3.6,167,1026.0,0.1,100,75,14.7,10.0,1.0,1.4,3,6
D0828,31,15.0,13.0,60,1026.0,0.0,100,75,15.5,10.0,1.0,9.6,4,8
D0844,32,13.0,3.6,10,1021.0,0.0,100,0,12.8,9.0,1.0,12.2,2,4
D0846,32,16.0,9.0,210,1015.0,0.0,100,75,16.0,0.9,1.0,17.6,2,4
D0847,32,14.0,6.1,140,1013.0,0.0,100,0,13.6,5.0,1.0,17.6,2,4
D0848,32,18.0,15.1,190,1010.0,0.0,94,75,18.0,9.0,1.0,23.8,2,7
D0856,32,16.0,16.9,190,1005.0,0.0,94,75,16.0,10.0,1.0,39.1,1,6
D0859,33,18.0,11.2,240,1014.0,0.0,64,25,18.0,10.0,6.0,7.9,1,6
D0861,33,14.0,3.6,10,1012.0,0.0,72,100,13.8,10.0,1.0,12.6,1,1
D0862,33,18.0,9.0,200,1013.0,1.9,94,75,18.0,10.0,1.0,17.3,1,6
D0866,33,21.0,6.1,50,1016.0,0.0,64,0,21.0,10.0,1.0,19.8,1,0
D0867,33,21.0,6.8,360,1017.0,0.0,78,0,21.0,10.0,1.0,8.3,4,0
D0868,33,21.0,3.6,54,1017.0,0.0,69,0,21.0,10.0,1.0,14.8,2,0
D0870,33,24.0,11.2,60,1016.0,0.0,61,0,25.0,10.0,1.0,10.8,2,0
D0874,33,18.0,4.0,220,1016.0,0.0,100,75,18.0,6.0,1.0,11.5,1,4
D0876,33,19.0,3.6,10,1018.0,0.0,68,0,19.0,10.0,1.0,11.9,2,0
D0878,33,19.0,9.0,50,1012.0,0.0,88,0,19.0,10.0,1.0,7.2,1,0
D0881,33,20.0,15.1,210,1013.0,0.0,73,75,20.0,10.0,1.0,22.6,1,6
D0883,33,15.0,24.1,190,1000.0,0.0,77,100,13.9,10.0,1.0,25.7,1,1
D0884,33,12.0,6.1,210,1011.0,0.0,82,75,10.7,10.0,1.0,19.8,1,6
D0894,34,26.0,11.2,220,1014.0,0.0,84,50,29.1,10.0,1.0,16.6,1,6
D0901,34,26.0,11.2,240,1009.0,0.0,84,75,27.9,9.0,7.0,12.2,1,6
D0906,34,27.0,15.1,230,1013.0,0.0,84,50,30.8,10.0,1.0,10.9,1,6
D0908,34,27.0,13.0,230,1012.0,0.0,89,50,30.9,10.0,1.0,14.1,1,6
D0916,35,21.0,3.6,10,1017.0,0.2,88,100,21.0,10.0,1.0,7.2,1,8
D0918,35,20.0,11.2,330,1015.0,0.0,83,75,20.0,10.0,1.0,4.7,2,6
D0922,35,18.0,3.6,340,1014.0,1.3,100,100,18.0,9.0,1.0,3.6,1,1
D0924,35,16.0,33.1,320,1016.0,0.0,63,0,16.0,10.0,1.0,16.2,1,0
D0932,35,15.0,11.2,120,1023.0,0.09,94,100,15.2,5.0,1.0,8.5,1,2
D0933,35,15.0,3.6,10,1025.0,0.02,82,25,15.3,10.0,1.0,6.2,1,6
D0935,35,19.0,13.0,50,1023.0,0.08,73,100,19.0,10.0,1.0,5.0,2,1
D0937,36,16.0,15.1,10,1009.0,0.3,82,75,16.0,10.0,3.0,14.4,1,2
D0942,36,15.0,4.0,250,1023.0,0.0,88,0,15.2,10.0,1.0,12.2,1,0
D0944,36,15.0,6.1,130,1026.0,0.0,88,0,15.0,10.0,1.0,14.0,2,0
D0948,36,18.0,6.1,110,1019.0,0.0,73,0,18.0,10.0,1.0,17.3,2,0
D0955,36,14.0,13.0,90,1020.0,0.0,82,0,13.1,10.0,1.0,23.4,1,0
D0958,36,18.0,19.1,190,1007.0,0.0,88,0,18.0,10.0,1.0,20.8,2,0
D0962,36,15.0,11.2,160,1006.0,0.0,88,0,14.7,10.0,1.0,15.4,1,0
D0970,37,25.0,16.9,220,1014.0,0.0,94,100,27.7,10.0,1.0,22.0,1,1
D0996,38,20.0,13.0,330,1006.0,0.2,73,75,20.0,10.0,1.0,15.5,1,6
D1014,38,23.0,3.6,10,1016.0,0.0,69,0,24.8,10.0,1.0,9.1,2,0
D1019,39,27.0,3.6,268,1014.0,0.8,89,75,30.5,10.0,1.0,22.0,1,3
D1022,39,25.0,15.1,290,1012.0,1.8,100,75,27.4,6.0,1.0,42.5,1,2
D1024,39,25.7,13.3,258,1015.0,0.2,79,55,28.0,10.0,1.0,22.3,1,7
D1028,39,27.0,15.1,170,1015.0,0.0,89,50,31.4,10.0,1.0,37.1,1,6
D1035,39,26.0,6.8,90,1011.0,3.78,94,75,28.8,10.0,1.0,27.2,1,6
D1039,39,27.2,18.7,308,1013.0,0.93,80,53,30.6,9.0,1.0,31.6,1,2
D1041,40,24.0,3.6,10,1013.0,1.8,100,75,26.3,5.0,1.0,20.9,1,4
D1052,40,29.0,11.2,30,1009.0,0.0,79,25,34.0,10.0,1.0,24.5,1,6
D1075,41,29.0,6.8,40,1018.0,0.4,52,37,34.5,10.0,5.0,7.2,1,6
D1092,41,31.0,24.1,60,1017.0,0.0,43,37,35.4,10.0,7.0,7.0,1,6
D1093,42,20.0,11.2,200,1005.0,0.1,88,75,20.0,10.0,5.0,7.2,1,7
D1109,42,21.0,24.1,360,1016.0,0.0,83,75,21.0,10.0,6.0,16.6,1,7
D1114,42,23.0,19.1,170,1012.0,0.0,61,75,24.7,10.0,1.0,17.4,1,6
D1119,43,34.0,6.8,250,1004.0,0.0,50,50,33.4,5.0,9.0,13.3,2,4
D1121,43,29.0,3.6,211,1007.0,0.0,70,25,30.4,3.5,1.0,11.5,3,4
D1122,43,29.0,6.8,270,1006.0,0.0,79,0,30.3,3.2,1.0,13.0,2,4
D1124,43,28.0,6.8,250,1004.0,0.0,84,0,27.2,3.5,1.0,18.4,1,4
D1125,43,28.0,6.1,260,1003.0,0.0,79,0,27.8,3.5,1.0,14.4,1,4
D1127,43,29.0,3.6,10,1005.0,0.0,75,75,31.3,3.0,1.0,9.0,4,4
D1128,43,28.0,3.6,10,1006.0,0.0,74,75,29.1,3.2,1.0,3.2,6,4
D1129,43,27.0,9.0,90,1005.0,0.0,79,75,28.4,2.5,1.0,11.5,4,4
D1131,43,24.0,11.2,40,1002.0,0.1,100,100,26.0,2.1,1.0,10.4,2,8
D1132,43,25.0,9.0,50,1002.0,0.0,94,75,27.8,2.5,1.0,12.6,3,4
D1136,43,30.0,6.1,190,1004.0,0.0,84,50,34.6,3.0,1.0,13.0,3,4
D1137,43,28.0,6.8,40,1005.0,0.0,94,50,31.6,3.0,1.0,14.4,5,4
D1138,43,26.0,11.2,60,1004.0,0.0,100,50,28.2,2.5,1.0,16.9,4,4
D1143,43,28.0,6.1,260,1006.0,0.0,84,50,30.2,3.0,1.0,3.1,5,4
D1153,44,24.0,6.8,190,1011.0,0.0,89,25,25.6,4.0,7.0,5.4,6,4
D1155,44,26.0,3.6,114,1011.0,0.0,100,25,27.7,10.0,7.0,9.7,6,4
D1156,44,26.0,4.0,250,1011.0,0.1,94,25,28.0,4.5,1.0,9.7,6,4
D1157,44,24.0,11.2,200,1012.0,0.0,94,25,25.7,5.0,1.0,7.6,6,4
D1169,44,25.0,9.0,200,1011.0,0.0,94,25,26.5,5.0,1.0,7.2,6,4
D1178,45,29.0,3.6,10,1016.0,0.0,18,25,26.9,10.0,1.0,5.8,2,6
D1184,45,21.0,19.1,300,1011.0,0.0,49,0,21.0,6.0,1.0,11.9,1,0
D1193,45,20.0,6.8,320,1020.0,0.0,46,0,20.0,10.0,1.0,6.6,3,0
D1200,46,15.0,3.6,85,1006.0,0.0,94,75,15.4,10.0,1.0,8.6,1,2
D1203,46,10.0,3.6,222,1025.0,0.0,100,25,10.0,10.0,1.0,9.0,1,6
D1211,46,13.0,22.0,30,1014.0,0.0,100,75,11.8,5.0,1.0,17.6,1,2
D1217,46,14.0,4.0,330,1002.0,2.44,100,75,13.6,2.0,1.0,12.4,1,2
D1218,46,11.0,19.1,240,1002.0,0.0,82,75,8.4,10.0,1.0,33.7,1,2
D1223,47,21.0,3.6,238,1002.0,0.9,88,50,21.0,4.0,5.0,38.9,1,5
D1225,47,20.0,9.0,150,1011.0,0.0,73,25,20.0,10.0,1.0,10.1,1,6
D1237,47,22.0,6.1,170,1016.0,0.0,61,0,24.4,10.0,1.0,13.7,2,0
D1242,47,23.0,13.0,80,1019.0,0.0,69,0,25.0,10.0,1.0,7.9,2,0
D1243,47,23.0,6.1,160,1019.0,0.0,57,0,24.9,10.0,1.0,8.3,2,0
D1257,48,29.0,19.1,230,1007.0,0.0,75,75,32.7,10.0,7.0,7.6,4,2
D1260,48,24.0,13.0,10,1009.0,0.2,94,75,26.2,10.0,5.0,11.9,1,7
D1267,48,27.0,6.8,70,1015.0,0.0,94,75,30.2,10.0,6.0,13.3,1,6
D1273,48,26.0,15.1,200,1009.0,0.08,89,75,28.5,10.0,6.0,12.6,1,1
D1274,48,22.0,20.2,360,1014.0,2.5,94,75,24.5,5.0,5.0,17.4,1,7
D1282,49,17.0,4.0,40,1021.0,0.0,83,75,17.0,10.0,1.0,11.2,2,6
D1284,49,17.6,3.6,306,1016.0,0.3,78,70,17.6,9.0,1.0,4.0,3,2
D1288,49,18.0,11.2,50,1023.0,0.0,73,75,18.0,10.0,1.0,14.8,1,6
D1298,49,19.0,15.1,60,1024.0,0.0,73,75,19.0,10.0,1.0,13.8,2,6
D1304,50,28.9,20.5,107,1011.0,0.1,76,69,33.6,10.0,6.0,27.7,1,2
D1306,50,29.0,18.4,82,1011.0,0.1,75,88,33.6,10.0,6.0,24.5,1,2
D1307,50,28.6,24.5,82,1011.0,0.2,78,69,33.4,10.0,6.0,33.1,1,7
D1308,50,28.8,27.4,118,1011.0,0.1,76,79,33.4,10.0,6.0,37.4,1,2
D1309,50,29.5,26.6,95,1011.0,0.0,74,30,34.8,10.0,7.0,36.0,1,6
D1310,50,28.9,31.7,79,1011.0,0.2,76,75,33.7,10.0,6.0,42.5,1,7
D1311,50,29.0,22.7,84,1010.0,0.1,74,51,33.5,10.0,6.0,30.6,1,2
D1313,50,28.6,14.8,103,1010.0,0.2,71,78,32.3,9.0,6.0,19.8,1,2
D1317,50,28.4,3.6,16,1009.0,0.0,69,23,31.4,10.0,1.0,5.0,1,0
D1319,50,28.9,11.2,80,1011.0,0.2,73,83,32.9,10.0,6.0,15.5,1,2
D1322,50,29.2,18.7,69,1009.0,0.03,73,80,33.8,10.0,6.0,25.5,1,2
D1326,50,28.5,5.4,4,1009.0,0.01,72,87,32.2,10.0,6.0,7.3,1,2
D1327,51,16.0,9.0,130,1012.0,0.0,94,0,16.0,10.0,5.0,3.2,1,2
D1332,51,13.0,6.8,210,1017.0,0.0,94,0,12.0,10.0,1.0,24.1,1,0
D1339,51,13.0,3.6,10,1021.0,0.0,100,0,12.4,10.0,1.0,18.7,1,4
D1341,51,16.0,6.1,170,1013.0,0.0,94,0,16.0,10.0,1.0,13.0,1,0
D1342,51,16.0,4.0,200,1012.0,0.0,94,0,16.0,10.0,1.0,16.6,1,4
D1345,51,5.0,4.0,220,1027.0,0.0,100,0,3.7,10.0,1.0,13.0,2,4
D1353,52,12.0,6.8,90,1012.0,0.2,100,75,12.5,10.0,2.0,0.7,1,2
D1354,52,12.0,3.6,213,1011.0,0.0,100,100,12.5,10.0,1.0,3.2,1,1
D1355,52,16.0,3.6,193,1012.0,0.5,68,75,16.0,10.0,1.0,15.1,1,6
D1366,52,18.0,6.1,120,1018.0,0.1,94,0,18.0,10.0,1.0,15.8,2,0
D1367,52,17.0,3.6,173,1014.0,0.0,88,0,17.0,10.0,1.0,18.7,2,0
D1368,52,20.0,3.6,187,1016.0,0.0,73,100,20.0,10.0,1.0,15.1,1,1
D1369,52,21.0,9.0,250,1020.0,0.0,78,75,21.0,10.0,4.0,8.6,1,6
D1372,52,17.0,4.0,110,1016.0,0.0,100,0,17.0,10.0,1.0,20.5,1,0
D1381,53,19.0,16.9,170,1003.0,0.0,94,100,19.0,10.0,1.0,27.4,1,1
D1385,53,11.0,3.6,328,1023.0,0.0,94,50,10.5,10.0,1.0,13.7,1,4
D1395,53,16.0,24.1,350,1016.0,0.0,77,75,16.0,10.0,4.0,27.4,1,6
D1397,53,11.0,3.6,320,1027.0,0.0,71,0,10.3,10.0,1.0,15.8,1,0
D1408,54,13.0,9.0,170,1013.0,1.8,100,75,12.4,3.0,1.0,14.0,1,2
D1428,54,17.0,13.0,180,1006.0,0.0,72,0,17.0,10.0,1.0,23.4,1,0
D1432,56,14.0,20.2,160,1026.0,0.0,77,75,12.7,10.0,1.0,23.4,1,6
D1438,56,14.0,19.1,120,1023.0,0.0,82,75,13.8,10.0,1.0,13.7,1,6
D1443,56,14.0,11.2,130,1024.0,0.0,94,25,13.3,10.0,1.0,14.4,1,6
D1450,56,12.0,3.6,10,1022.0,0.0,94,25,12.5,10.0,1.0,6.5,1,6
D1464,57,25.0,6.8,150,1014.0,0.4,89,25,27.9,10.0,1.0,15.5,2,6
D1465,57,23.0,11.2,130,1017.0,0.0,100,50,25.2,4.0,1.0,14.8,1,8
D1466,57,23.0,6.8,340,1017.0,1.9,100,25,25.3,10.0,1.0,18.4,3,8
D1472,57,28.0,6.8,310,1013.0,3.6,89,0,32.0,10.0,1.0,13.3,1,0
D1475,57,25.0,6.8,90,1014.0,0.0,100,25,27.8,10.0,1.0,12.6,2,8
D1482,57,23.0,3.6,240,1015.0,0.0,100,25,25.2,10.0,1.0,12.6,1,6
D1488,58,23.0,6.8,90,1019.0,0.0,83,0,25.0,10.0,1.0,19.8,1,0
D1491,58,24.0,33.1,20,1009.0,1.5,57,37,25.7,10.0,1.0,57.6,1,5
D1499,58,28.0,16.9,240,1017.0,0.0,66,25,30.1,10.0,7.0,20.2,1,6
D1509,59,29.0,11.2,70,1008.0,0.0,75,100,33.8,24.0,1.0,19.4,1,1
D1512,59,27.0,11.2,220,1012.0,0.5,89,100,29.7,16.0,6.0,19.4,1,2
D1514,59,27.7,6.5,222,1012.0,0.4,74,77,30.9,10.0,6.0,9.7,1,7
D1516,59,31.0,19.1,100,1011.0,0.1,75,50,39.1,32.0,6.0,29.5,1,6
D1521,59,31.0,6.8,120,1010.0,0.1,75,50,38.1,32.0,6.0,21.6,1,6
D1522,59,31.0,6.8,50,1010.0,0.6,75,100,39.3,24.0,6.0,30.6,1,1
D1525,59,28.0,6.1,100,1010.0,0.0,84,100,31.7,24.0,1.0,11.9,1,1
D1530,59,30.0,13.0,340,1011.0,1.57,75,100,38.1,24.0,6.0,27.0,1,1
D1531,59,30.0,6.8,70,1009.0,1.13,79,100,36.7,24.0,6.0,24.6,1,1
D1534,59,28.0,22.0,70,1009.0,0.79,84,100,32.5,23.0,6.0,37.9,1,1
D1537,60,21.0,15.1,160,1020.0,0.0,69,25,21.0,10.0,1.0,26.3,1,6
D1547,60,23.0,11.2,110,1021.0,0.0,73,75,25.1,10.0,1.0,22.3,1,6
D1548,60,22.0,16.9,120,1021.0,0.0,88,50,24.5,8.0,1.0,29.9,1,1
D1550,60,22.0,11.2,70,1021.0,0.0,88,50,24.5,10.0,1.0,25.9,1,6
D1553,60,23.0,24.1,90,1020.0,0.0,73,50,25.1,10.0,1.0,29.9,1,1
D1556,60,22.0,11.2,90,1019.0,0.01,88,50,24.5,10.0,1.0,27.4,1,6
D1557,60,23.0,19.1,110,1020.0,0.01,83,75,25.1,10.0,1.0,31.4,1,1
D1569,61,22.0,11.2,320,1020.0,0.0,69,0,24.6,10.0,1.0,7.6,2,0
D1572,61,24.0,15.1,340,1017.0,0.0,54,0,25.3,10.0,1.0,25.9,2,0
D1573,61,25.0,16.9,340,1017.0,0.0,54,0,26.1,10.0,1.0,22.0,2,0
D1576,61,24.0,6.8,60,1016.0,0.0,74,75,25.6,10.0,1.0,5.0,2,6
D1579,61,23.0,9.0,320,1016.0,0.0,69,0,25.0,10.0,1.0,14.4,1,0
D1584,61,21.0,24.1,80,1012.0,0.15,78,75,21.0,10.0,1.0,9.9,1,7
D1585,61,20.0,19.1,320,1006.0,0.14,88,75,20.0,10.0,1.0,8.6,1,7
D1587,62,26.0,11.2,260,1018.0,0.0,32,25,29.0,10.0,4.0,6.1,2,6
D1590,62,10.0,3.6,207,1017.0,0.0,82,50,8.2,10.0,6.0,14.8,1,6
D1595,62,20.0,3.6,191,1015.0,0.0,32,0,20.0,10.0,7.0,25.2,2,0
D1596,62,12.0,22.0,270,1006.0,0.0,94,75,10.1,10.0,3.0,20.2,1,5
D1598,62,7.0,19.1,80,1012.0,0.0,81,0,5.2,10.0,1.0,10.8,1,0
D1599,62,9.0,11.2,340,1013.0,0.1,87,75,6.1,10.0,1.0,23.0,1,6
D1612,62,12.0,25.9,140,1015.0,0.04,41,75,11.0,10.0,1.0,11.6,1,6
D1621,63,25.0,20.2,10,1015.0,0.0,39,0,26.1,10.0,1.0,37.1,1,0
D1625,63,25.0,16.9,350,1016.0,0.0,34,0,25.5,10.0,1.0,29.5,1,0
D1642,64,19.0,6.1,210,1016.0,0.0,94,0,19.0,5.0,1.0,15.5,1,0
D1654,64,19.0,3.6,10,1016.0,0.0,94,0,19.0,5.0,1.0,13.3,1,0
D1672,65,20.0,13.0,230,1018.0,0.0,94,75,20.0,10.0,1.0,14.4,2,6
D1681,65,31.0,20.2,20,1012.0,0.0,29,25,32.0,8.0,7.0,31.7,2,6
D1705,66,5.5,22.3,122,1024.0,0.0,34,0,1.4,10.0,1.0,29.9,1,0
D1706,66,12.0,15.1,100,1026.0,0.0,15,0,11.3,10.0,1.0,17.3,1,0
D1709,66,21.0,6.8,190,1025.0,0.0,4,0,21.0,10.0,1.0,29.5,1,0
D1725,67,21.0,3.6,107,1014.0,0.0,88,50,21.0,8.0,1.0,7.6,5,6
D1726,67,19.0,3.6,83,1015.0,0.0,94,75,19.0,7.0,1.0,5.4,5,8
D1735,67,22.0,3.6,119,1015.0,0.1,88,50,24.6,2.0,1.0,4.7,4,3
D1738,67,21.0,6.1,80,1015.0,0.0,88,25,21.0,8.0,1.0,6.0,4,6
D1751,68,14.0,37.1,360,1023.0,0.1,88,100,11.6,10.0,3.0,45.4,1,1
D1755,68,15.0,25.9,360,1028.0,0.0,72,100,13.4,10.0,4.0,27.4,1,1
D1761,68,13.0,41.0,360,1019.0,0.0,67,100,9.7,10.0,4.0,53.3,1,1
D1768,68,12.0,9.0,170,1017.0,2.49,100,100,9.6,10.0,3.0,34.1,1,2
D1769,69,25.0,3.6,10,1010.0,0.0,100,25,27.8,10.0,1.0,3.2,2,6
D1774,69,28.6,15.1,50,1009.0,0.1,70,50,32.1,9.0,6.0,33.8,1,3
D1775,69,29.5,6.8,350,1008.0,0.0,64,50,32.8,10.0,7.0,30.6,1,8
D1778,69,33.0,15.1,90,1008.0,0.1,53,50,43.0,10.0,6.0,31.0,1,6
D1791,69,31.0,29.9,140,1009.0,0.04,63,50,33.1,10.0,7.0,27.7,1,6
D1793,69,27.0,11.2,130,1008.0,0.0,84,25,27.6,10.0,8.0,31.8,1,2
D1804,70,32.0,6.1,240,1013.0,0.0,59,0,35.6,9.0,1.0,29.5,2,0
D1810,70,35.0,11.2,220,1010.0,0.0,39,50,37.1,10.0,9.0,12.6,1,3
D1813,70,25.0,15.1,200,1012.0,0.0,83,25,25.8,9.0,1.0,25.2,1,8
D1816,70,23.0,37.1,140,1014.0,0.0,100,50,24.7,8.0,1.0,14.6,5,3
D1826,71,21.7,8.3,79,1013.0,0.6,91,60,21.7,10.0,5.0,13.3,2,7
D1830,71,21.7,4.7,85,1015.0,0.0,80,0,21.7,10.0,6.0,6.5,4,0
D1832,71,21.0,4.7,121,1011.0,0.0,94,77,21.0,2.0,5.0,7.2,4,4
D1839,71,20.0,5.8,83,1011.0,1.4,97,100,20.0,10.0,5.0,9.0,1,7
D1842,71,18.3,8.3,130,1014.0,0.01,82,80,18.3,10.0,4.0,14.7,1,2
D1856,55,19.0,3.6,180,1019.0,0.1,68,25,19.0,10.0,1.0,2.2,1,6
D1866,55,18.0,4.0,130,1020.0,0.0,77,0,18.0,10.0,1.0,4.8,2,0
D1876,72,12.0,15.1,320,1019.0,0.0,67,100,11.4,10.0,1.0,15.8,1,1
D1877,72,14.0,59.0,200,1016.0,0.0,94,75,14.2,10.0,1.0,9.4,1,2
D1886,72,12.0,24.1,250,1007.0,0.0,77,75,10.8,10.0,1.0,15.5,2,2
D1887,72,10.0,24.1,320,1019.0,0.0,66,75,9.2,10.0,1.0,15.1,1,6
D1913,73,30.0,9.0,60,1001.0,0.0,84,0,34.2,10.0,1.0,15.8,2,0
D1915,73,30.0,6.1,70,1001.0,0.0,84,0,35.6,10.0,1.0,13.0,2,0
D1921,73,30.0,4.0,90,1003.0,0.0,70,0,32.9,10.0,1.0,17.4,3,0
D1931,74,27.4,9.7,72,1004.0,0.0,53,18,28.2,10.0,1.0,16.9,4,0
D1942,74,25.6,9.4,77,1005.0,0.4,68,78,27.2,9.0,1.0,16.2,4,2
D1944,74,24.4,7.6,83,1004.0,0.06,76,89,26.3,10.0,1.0,12.3,4,2
D1946,74,24.7,6.5,83,1008.0,0.53,74,83,26.4,9.0,1.0,10.5,5,2
D1947,74,24.0,10.8,49,1007.0,0.97,75,70,25.8,9.0,1.0,21.8,4,2
D1950,75,27.0,20.2,240,1002.0,0.7,89,100,30.1,10.0,6.0,38.5,1,2
D1952,75,25.0,3.6,231,1006.0,1.6,100,100,27.5,6.0,6.0,57.6,1,2
D1954,75,27.0,13.0,240,1004.0,1.1,94,100,31.1,9.0,6.0,52.6,1,2
D1956,75,25.0,22.0,250,1006.0,0.6,100,100,27.4,6.0,6.0,41.0,1,2
D1957,75,28.0,3.6,234,1008.0,0.2,84,100,32.7,10.0,6.0,20.9,1,2
D1966,75,28.0,3.6,215,1010.0,0.0,84,50,33.0,10.0,1.0,17.3,1,6
D1981,76,13.0,3.6,10,1021.0,0.0,94,0,12.7,10.0,1.0,12.2,1,0
D2025,77,32.0,11.2,340,1004.0,0.0,67,0,37.4,10.0,1.0,24.5,3,0
D2029,78,22.0,6.8,60,1004.0,0.0,65,25,24.5,10.0,1.0,5.4,1,6
D2032,78,19.0,4.0,30,1019.0,0.0,68,0,19.0,10.0,1.0,17.3,1,0
D2040,78,19.0,3.6,39,1020.0,0.0,49,0,19.0,10.0,1.0,26.3,1,0
D2048,78,17.0,6.8,70,1023.0,0.0,72,0,17.0,10.0,1.0,16.8,1,0
D2054,79,16.0,15.1,150,1013.0,0.0,68,75,16.0,10.0,3.0,14.4,1,6
D2067,79,10.0,6.8,170,1020.0,0.0,94,0,9.6,4.4,1.0,9.7,1,4
D2070,79,19.0,19.1,200,1019.0,0.0,52,25,19.0,10.0,5.0,18.0,1,6
D2072,79,13.0,3.6,347,1023.0,0.0,82,0,12.5,10.0,1.0,11.5,1,0
D2075,79,10.0,6.8,110,1021.0,0.0,94,0,9.4,10.0,1.0,11.6,1,4
D2084,80,18.0,28.1,320,1021.0,0.0,94,75,18.0,10.0,1.0,9.0,2,3
D2093,80,18.0,3.6,10,1022.0,1.8,100,75,18.0,9.0,1.0,14.0,1,2
D2105,80,19.0,6.1,280,1019.0,0.0,78,50,19.0,10.0,1.0,10.6,3,6
D2115,81,29.0,13.0,30,1014.0,0.1,84,25,33.6,10.0,1.0,30.2,1,6
D2118,81,30.0,6.8,240,1011.0,0.0,84,25,34.4,10.0,7.0,5.8,1,2
D2126,81,29.0,19.1,30,1012.0,0.03,75,25,33.5,10.0,6.0,23.8,1,6
D2137,82,32.0,25.9,30,1013.0,0.1,67,50,42.8,10.0,6.0,45.7,1,6
D2138,82,31.0,13.0,230,1014.0,0.0,66,75,39.7,10.0,6.0,46.8,1,6
D2142,82,29.0,3.6,108,1013.0,0.3,79,75,34.3,10.0,6.0,32.4,1,6
D2144,82,30.0,3.6,107,1010.0,0.0,75,50,36.0,10.0,7.0,20.9,1,6
D2150,82,29.0,16.9,50,1013.0,0.0,84,75,34.8,10.0,7.0,42.5,1,6
D2161,83,19.0,4.0,210,1016.0,0.1,78,0,19.0,10.0,1.0,18.4,1,0
D2176,83,19.0,4.0,220,1018.0,0.0,94,0,19.0,10.0,1.0,10.8,1,0
D2177,83,20.0,6.1,280,1018.0,0.0,88,75,20.0,10.0,1.0,12.2,1,6
D2178,83,21.0,3.6,212,1018.0,0.0,83,50,21.0,10.0,1.0,7.0,1,6
D2179,83,23.0,6.8,260,1013.0,0.0,57,0,25.0,10.0,1.0,28.0,2,0
D2186,84,31.0,6.1,30,1010.0,0.0,22,0,30.2,10.0,1.0,20.2,3,0
D2198,84,36.0,6.8,200,1007.0,0.0,11,0,34.4,10.0,1.0,6.1,3,0
D2202,84,30.0,3.6,10,1011.0,0.0,24,0,28.0,7.0,1.0,18.7,4,0
D2203,84,31.0,6.8,120,1010.0,0.0,14,0,28.8,10.0,1.0,19.8,3,0
D2211,85,27.8,27.7,195,1011.0,0.2,80,54,31.7,10.0,1.0,38.9,1,7
D2218,85,27.0,3.6,10,1011.0,0.2,94,25,30.8,10.0,1.0,16.2,1,3
D2220,85,24.0,29.9,140,1015.0,0.3,100,75,25.9,3.0,1.0,24.5,1,8
D2224,85,29.0,3.6,10,1010.0,0.0,84,25,34.1,10.0,1.0,11.5,2,3
D2238,86,16.0,11.2,230,1010.0,0.4,100,0,16.0,10.0,1.0,15.8,1,0
D2242,86,15.0,11.2,320,1021.0,0.0,94,0,14.8,10.0,1.0,14.4,1,0
D2263,87,23.4,13.3,259,1014.0,19.6,96,100,25.8,5.0,1.0,20.9,1,5
D2269,87,25.0,19.1,230,1012.0,1.2,89,75,27.9,6.0,1.0,47.2,1,5
D2270,87,24.7,11.9,172,1015.0,0.1,86,55,27.1,10.0,1.0,19.4,1,2
D2272,87,25.3,12.2,288,1015.0,0.0,84,65,27.7,10.0,1.0,19.8,1,1
D2278,87,28.0,13.0,220,1010.0,0.0,70,75,31.1,10.0,7.0,16.2,1,6
D2280,87,25.4,12.6,217,1014.0,0.0,87,67,28.1,10.0,1.0,19.8,1,1
D2282,87,25.8,11.5,235,1014.0,0.35,85,73,28.6,9.0,1.0,18.1,1,2
D2286,87,25.8,9.7,274,1013.0,3.07,88,57,29.0,7.0,1.0,16.6,1,7
D2290,88,28.0,6.8,70,1010.0,0.0,79,75,31.9,10.0,1.0,22.7,1,6
D2292,88,25.0,3.6,167,1009.0,0.0,100,75,26.9,9.0,1.0,18.4,2,6
D2302,88,27.0,6.8,10,1010.0,0.0,89,75,30.1,8.0,7.0,20.2,2,2
D2306,88,28.0,6.8,70,1010.0,0.0,84,75,32.0,10.0,1.0,27.4,1,6
D2315,89,14.0,3.6,11,1006.0,0.0,94,100,14.7,10.0,1.0,2.9,1,1
D2330,89,19.0,19.1,110,1019.0,0.0,88,75,19.0,10.0,6.0,9.7,1,2
D2333,89,16.0,3.6,260,1019.0,0.0,94,25,16.0,10.0,1.0,6.8,1,6
D2335,89,18.0,3.6,295,1013.0,0.0,100,75,18.0,7.0,1.0,6.9,1,7
D2343,90,27.0,4.0,123,1014.0,0.9,80,86,30.3,9.0,6.0,7.2,1,2
D2345,90,29.2,15.1,96,1013.0,0.0,67,4,32.7,10.0,7.0,17.3,1,0
D2359,90,27.0,3.6,121,1013.0,0.4,77,72,29.9,9.0,6.0,4.0,1,2
D2376,91,14.0,6.8,160,1025.0,0.0,23,0,14.0,10.0,1.0,13.7,5,0
D2396,92,23.0,4.0,340,1013.0,0.0,83,0,25.0,10.0,6.0,5.4,4,0
D2407,92,23.0,4.0,20,1012.0,0.0,94,75,25.2,9.0,6.0,7.6,3,2
D2409,92,20.0,3.6,170,1015.0,1.6,100,100,20.0,10.0,4.0,10.8,1,2
D2410,92,22.0,6.1,50,1013.0,0.4,100,75,24.6,10.0,5.0,5.4,1,6
D2418,93,20.0,6.1,230,1018.0,0.0,49,0,20.0,10.0,6.0,1.4,1,0
D2423,93,16.0,6.1,10,1017.0,2.3,88,75,16.0,8.0,1.0,31.0,1,6
D2424,93,17.0,3.6,10,1015.0,0.4,94,100,17.0,9.0,1.0,27.0,1,1
D2429,93,23.0,6.1,30,1017.0,0.0,69,75,24.7,10.0,1.0,24.8,1,8
D2430,93,19.0,9.0,50,1019.0,0.2,88,75,19.0,5.0,1.0,11.9,1,4
D2438,93,15.0,11.2,140,1017.0,0.0,94,25,13.8,10.0,1.0,29.2,1,6
D2445,94,26.0,15.1,240,1008.0,0.0,94,50,29.2,9.0,1.0,30.2,1,5
D2448,94,25.0,11.2,170,1008.0,0.0,94,75,27.9,10.0,1.0,32.8,1,6
D2474,95,32.0,20.5,221,1007.0,0.0,40,50,32.9,9.0,1.0,26.6,2,3
D2477,95,29.2,17.3,177,1011.0,0.0,52,4,30.5,10.0,1.0,23.0,2,0
D2479,95,35.6,18.4,197,1004.0,0.0,29,28,36.1,10.0,1.0,28.4,2,6
D2489,95,35.5,10.8,277,1006.0,0.0,15,17,33.8,10.0,1.0,18.5,2,0
D2490,95,33.2,18.0,205,1007.0,0.0,33,8,33.4,10.0,1.0,27.5,2,0
D2494,95,35.6,20.5,175,1006.0,0.0,29,18,36.0,10.0,1.0,28.1,3,0
D2496,96,14.0,3.6,10,1007.0,0.4,94,75,14.7,10.0,1.0,1.8,1,2
D2502,96,17.0,13.0,230,1017.0,0.0,83,0,17.0,10.0,1.0,25.2,1,0
D2503,96,15.0,13.0,60,1021.0,0.0,77,100,15.0,10.0,1.0,13.7,1,1
D2504,96,10.0,3.6,10,1029.0,0.0,100,0,8.9,10.0,1.0,18.0,1,0
D2506,96,15.0,3.6,205,1020.0,0.0,100,25,15.3,8.0,1.0,11.2,1,6
D2509,96,15.0,11.2,150,1010.0,0.0,100,100,14.2,10.0,1.0,27.7,1,1
D2516,96,16.0,19.1,120,1006.0,0.0,88,100,16.0,10.0,1.0,36.7,1,1
D2520,96,16.0,11.2,210,1000.0,0.01,94,75,16.0,10.0,1.0,14.1,1,5
D2532,97,22.0,6.1,100,1012.0,0.0,29,0,22.3,10.0,1.0,11.2,2,0
D2555,98,17.0,4.0,10,1016.0,0.0,63,0,17.0,10.0,1.0,4.7,1,0
D2557,98,17.0,3.6,41,1014.0,0.0,48,0,17.0,10.0,1.0,9.0,1,0
D2566,98,18.0,6.8,110,1014.0,0.0,64,0,18.0,7.0,1.0,2.9,2,0
D2600,100,31.0,6.8,210,1008.0,0.0,71,25,34.9,10.0,8.0,11.2,2,6
D2616,100,27.0,15.1,240,1006.0,0.0,84,25,31.1,10.0,1.0,10.1,2,6
D2630,101,21.0,3.6,359,1016.0,1.6,73,75,21.0,10.0,1.0,9.0,1,8
D2657,102,21.0,3.6,10,1013.0,0.0,40,0,21.0,10.0,1.0,11.5,2,0
D2673,102,21.0,11.2,280,1023.0,0.0,53,75,21.0,10.0,1.0,16.1,1,6
D2674,102,17.0,6.8,290,1021.0,0.0,45,0,17.0,10.0,1.0,15.6,1,0
D2680,103,33.0,15.1,100,1012.0,0.1,80,50,45.3,10.0,1.0,29.9,1,6
D2691,103,27.0,3.6,10,1012.0,0.0,94,100,30.0,10.0,6.0,33.1,1,1
D2693,103,31.0,6.8,80,1011.0,0.0,84,75,39.7,10.0,7.0,30.2,1,6
D2698,103,31.0,6.8,90,1010.0,0.04,84,75,38.2,10.0,6.0,36.4,1,1
D2702,104,29.4,12.6,161,1005.0,0.0,41,2,29.5,10.0,7.0,14.4,1,0
D2716,105,34.0,11.2,330,1002.0,0.0,63,25,43.7,10.0,1.0,20.2,3,6
D2719,105,33.0,6.1,70,1002.0,0.0,75,25,42.8,10.0,1.0,14.4,3,6
D2724,105,33.0,6.1,230,1000.0,0.0,80,0,42.1,10.0,1.0,9.4,3,0
D2728,105,35.0,15.1,340,999.0,0.0,71,0,51.5,2.0,8.0,24.5,3,4
D2729,105,32.0,6.1,40,1000.0,0.0,84,0,43.0,3.0,1.0,19.1,4,4
D2741,106,15.0,6.8,130,1009.0,0.0,94,100,15.8,10.0,1.0,3.6,1,2
D2744,106,17.0,6.8,70,1026.0,0.0,88,0,17.0,8.0,1.0,11.9,1,4
D2748,106,21.0,3.6,260,1016.0,0.0,73,25,21.0,10.0,1.0,8.3,2,6
D2749,106,21.0,3.6,270,1016.0,0.0,78,100,21.0,10.0,1.0,6.8,3,1
D2751,106,20.0,9.0,210,1013.0,0.0,83,75,20.0,10.0,1.0,13.7,2,4
D2760,106,18.0,29.9,240,1004.0,0.01,77,100,18.0,10.0,1.0,35.0,1,1
D2761,106,14.0,11.2,280,995.0,0.74,94,100,13.1,10.0,1.0,18.5,1,1
D2762,106,12.0,4.0,140,996.0,0.32,94,100,11.9,10.0,1.0,8.3,1,1
D2766,107,15.0,6.1,10,1012.0,0.0,72,0,14.6,10.0,1.0,22.0,1,0
D2773,107,12.0,20.2,100,1022.0,0.0,67,100,9.3,10.0,1.0,44.3,1,1
D2780,107,13.0,11.2,310,1021.0,0.0,44,25,12.1,10.0,4.0,14.0,2,6
D2806,108,25.0,11.2,300,1014.0,0.0,21,0,23.9,10.0,1.0,26.6,1,0
D2814,108,17.0,11.2,360,1020.0,0.0,42,0,17.0,10.0,1.0,18.8,1,0
D2816,109,22.0,19.1,100,1013.0,2.6,100,100,24.5,10.0,1.0,64.1,1,1
D2817,109,24.0,20.2,90,1011.0,3.0,89,75,26.2,1.0,5.0,60.1,1,5
D2818,109,28.0,9.0,10,1011.0,1.3,79,75,33.7,10.0,6.0,33.1,1,6
D2823,109,27.0,29.9,110,1017.0,0.1,79,75,31.2,10.0,5.0,46.1,1,6
D2831,109,25.0,25.9,120,1016.0,0.0,79,100,27.0,10.0,5.0,45.4,1,1
D2832,109,22.5,9.0,62,1012.0,3.6,94,100,24.9,7.0,1.0,12.6,1,5
D2833,109,24.0,9.0,80,1012.0,0.0,100,100,26.0,10.0,7.0,25.9,1,1
D2839,109,27.0,19.1,90,1014.0,0.01,70,25,29.8,10.0,6.0,45.6,1,6
D2864,110,21.4,3.6,178,1012.0,0.0,89,75,21.4,10.0,6.0,6.6,1,2
D2874,111,16.9,16.6,68,1018.0,0.0,44,2,16.9,10.0,1.0,27.0,1,0
D2887,111,19.5,5.4,27,1014.0,0.0,34,0,19.4,10.0,1.0,11.2,2,0
D2889,111,17.1,13.3,61,1017.0,0.0,57,3,17.1,10.0,1.0,22.2,1,0
